<?xml version="1.0" encoding="UTF-8" standalone="yes"?>
<addon id="repository.vale44" name="Auto Cleaner Repository" version="1.0" provider-name="vale44">
    <extension point="xbmc.addon.repository" name="Example Repository">
        <dir>
            <info compressed="false">https://raw.githubusercontent.com/vale44/repository.vale44/main/repo/zips/addons.xml</info>
            <checksum>https://raw.githubusercontent.com/vale44/repository.vale44/ea945e1c9a9104ae286e71792977adf790506230/repo/zips/addons.xml.md5</checksum>
            <datadir zip="true">https://raw.githubusercontent.com/vale44/repository.vale44/ea945e1c9a9104ae286e71792977adf790506230/repo/zips/</datadir>
        </dir>
    </extension>
    <extension point="xbmc.addon.metadata">
        <summary>Kodi Auto Cleaner Repository</summary>
        <description>The Official Repository for the Auto Cleaner Add-on</description>
        <disclaimer></disclaimer>
        <platform>all</platform>
        <assets>
            <icon>icon.png</icon>
            <fanart>fanart.jpg</fanart>
        </assets>
    </extension>
</addon>